{
  "greeting": "Hey My Beautiful Soulmate,",
  "name": "Binta <3",
  "greetingText": "Every moment with you is a treasure.",
  "wishText": "May our love story continue to unfold in the most magical ways!",
  "imagePath": "img/lydia2.png",
  "text1": "Today, the stars shine just for you.",
  "textInChatBox": "Happy birthday to my one and only! You are my world.",
  "sendButtonLabel": "Send with Love",
  "text2": "I had something simple in mind.",
  "text3": "But then I realized,",
  "text4": "You deserve something",
  "text4Adjective": "extraordinary and unforgettable.",
  "text5Entry": "Because,",
  "text5Content": "You are the love of my life.",
  "smiley": ":)",
  "bigTextPart1": "L",
  "bigTextPart2": "O",
  "wishHeading": "Happy Birthday, My Love!",
  "outroText": "I hope this made your day as special as you are to me.",
  "replayText": "Or click here to relive this moment with me again.",
  "outroSmiley": ":)"
}
